{
    "params": {
        "test1": 1,
        "test2": 2,
        "test3": 3
    },
    "coins": {
        "years": {
            "2010": {
                "great britain": {
                    "1 Souvereign": {
                        "training_params": {
                            "coin_param_1": 1,
                            "coin_param_2": 2,
                            "coin_param_3": 3
                        },
                        "coin_params": {
                            "weight": 1
                        },
                        "pictures": {
                            "53e97813-a32b-4b08-a761-076cc3f555b1.png": {
                                "vertices": [
                                    [
                                        0.010498687664041995,
                                        0.33858267716535434
                                    ],
                                    [
                                        0.10498687664041995,
                                        0.32808398950131235
                                    ],
                                    [
                                        0.2020997375328084,
                                        0.3438320209973753
                                    ],
                                    [
                                        0.2020997375328084,
                                        0.3438320209973753
                                    ],
                                    [
                                        0.31496062992125984,
                                        0.3884514435695538
                                    ],
                                    [
                                        0.4041994750656168,
                                        0.4435695538057743
                                    ],
                                    [
                                        0.5249343832020997,
                                        0.46981627296587924
                                    ],
                                    [
                                        0.6220472440944882,
                                        0.49606299212598426
                                    ],
                                    [
                                        0.6719160104986877,
                                        0.4776902887139108
                                    ],
                                    [
                                        0.6745406824146981,
                                        0.42782152230971127
                                    ],
                                    [
                                        0.6167979002624672,
                                        0.3937007874015748
                                    ],
                                    [
                                        0.5275590551181102,
                                        0.3543307086614173
                                    ],
                                    [
                                        0.43832020997375326,
                                        0.30971128608923887
                                    ],
                                    [
                                        0.34120734908136485,
                                        0.2545931758530184
                                    ],
                                    [
                                        0.32020997375328086,
                                        0.1994750656167979
                                    ],
                                    [
                                        0.3963254593175853,
                                        0.2073490813648294
                                    ],
                                    [
                                        0.5354330708661418,
                                        0.2230971128608924
                                    ],
                                    [
                                        0.6377952755905512,
                                        0.2388451443569554
                                    ],
                                    [
                                        0.7244094488188977,
                                        0.25984251968503935
                                    ],
                                    [
                                        0.7637795275590551,
                                        0.2283464566929134
                                    ],
                                    [
                                        0.7611548556430446,
                                        0.16535433070866143
                                    ],
                                    [
                                        0.6430446194225722,
                                        0.12598425196850394
                                    ],
                                    [
                                        0.5170603674540682,
                                        0.08661417322834646
                                    ],
                                    [
                                        0.3805774278215223,
                                        0.07349081364829396
                                    ],
                                    [
                                        0.31758530183727035,
                                        0.05774278215223097
                                    ],
                                    [
                                        0.3884514435695538,
                                        0.03674540682414698
                                    ],
                                    [
                                        0.3963254593175853,
                                        0.0026246719160104987
                                    ],
                                    [
                                        0.0026246719160104987,
                                        0.0026246719160104987
                                    ]
                                ]
                            },
                            "ba413e48-e7b7-490b-8962-d17d03703514.png": {
                                "vertices": []
                            },