{
    "params": {
        "test1": 1,
        "test2": 2,
        "test3": 3
    },
    "coins": {
        "years": {
            "30 b.c.": {
                "rome": {
                    "Denarius": {
                        "training_params": {
                            "coin_param_1": 1,
                            "coin_param_2": 2,
                            "coin_param_3": 3
                        },
                        "coin_params": {
                            "weight": 1
                        },
                        "pictures": {
                            "919de1e8-589f-42d0-9dbd-25f0abacd429.png": {
                                "vertices": [
                                    [
                                        0.006666666666666667,
                                        0.4083333333333333
                                    ],
                                    [
                                        0.145,
                                        0.4633333333333333
                                    ],
                                    [
                                        0.22833333333333333,
                                        0.445
                                    ],
                                    [
                                        0.29833333333333334,
                                        0.4583333333333333
                                    ],
                                    [
                                        0.2916666666666667,
                                        0.38666666666666666
                                    ],
                                    [
                                        0.47,
                                        0.3616666666666667
                                    ],
                                    [
                                        0.68,
                                        0.3433333333333333
                                    ],
                                    [
                                        0.7466666666666667,
                                        0.28
                                    ],
                                    [
                                        0.6966666666666667,
                                        0.21
                                    ],
                                    [
                                        0.37333333333333335,
                                        0.23666666666666666
                                    ],
                                    [
                                        0.3233333333333333,
                                        0.22333333333333333
                                    ],
                                    [
                                        0.475,
                                        0.20166666666666666
                                    ],
                                    [
                                        0.5133333333333333,
                                        0.16666666666666666
                                    ],
                                    [
                                        0.51,
                                        0.105
                                    ],
                                    [
                                        0.43833333333333335,
                                        0.07833333333333334
                                    ],
                                    [
                                        0.31,
                                        0.08333333333333333
                                    ],
                                    [
                                        0.4866666666666667,
                                        0.06166666666666667
                                    ],
                                    [
                                        0.47,
                                        0.005
                                    ],
                                    [
                                        0.0016666666666666668,
                                        0.0033333333333333335
                                    ]
                                ]
                            },
                            "58271ad2-83cd-4fae-891a-76c3a575e77d.png": {
                                "vertices": [
                                    [
                                        0.27,
                                        0.3283333333333333
                                    ],
                                    [
                                        0.225,
                                        0.4116666666666667
                                    ],
                                    [
                                        0.25,
                                        0.49
                                    ],
                                    [
                                        0.3466666666666667,
                                        0.535
                                    ],
                                    [
                                        0.4033333333333333,
                                        0.485
                                    ],
                                    [
                                        0.41833333333333333,
                                        0.3883333333333333
                                    ],
                                    [
                                        0.385,
                                        0.3283333333333333
                                    ],
                                    [
                                        0.295,
                                        0.29
                                    ]
                                ]
                            },